,timestamp,open,high,low,close,volume,datetime,date
490,1699337702000,32551.76953125,32591.109375,32250.9296875,32271.8203125,0,2023-11-07 06:15:02,2023-11-07
489,1699228800000,32450.8203125,32766.5390625,32395.5,32708.48046875,139400000,2023-11-06 00:00:00,2023-11-06
488,1698883200000,31987.01953125,32087.130859375,31878.359375,31949.890625,121100000,2023-11-02 00:00:00,2023-11-02
487,1698796800000,31311.220703125,31601.650390625,31301.509765625,31601.650390625,130100000,2023-11-01 00:00:00,2023-11-01
486,1698710400000,30694.9609375,30973.66015625,30552.650390625,30858.849609375,134300000,2023-10-31 00:00:00,2023-10-31
485,1698624000000,30663.48046875,30762.5,30538.2890625,30696.9609375,187000000,2023-10-30 00:00:00,2023-10-30
484,1698364800000,30713.7890625,31081.48046875,30687.330078125,30991.689453125,89100000,2023-10-27 00:00:00,2023-10-27
483,1698278400000,30902.919921875,30943.330078125,30567.609375,30601.779296875,85600000,2023-10-26 00:00:00,2023-10-26
482,1698192000000,31302.509765625,31466.919921875,31195.580078125,31269.919921875,78700000,2023-10-25 00:00:00,2023-10-25
481,1698105600000,31157.009765625,31210.259765625,30551.669921875,31062.349609375,97900000,2023-10-24 00:00:00,2023-10-24
480,1698019200000,31151.98046875,31177.41015625,30974.259765625,30999.55078125,73500000,2023-10-23 00:00:00,2023-10-23
479,1697760000000,31164.890625,31428.970703125,31093.900390625,31259.359375,84500000,2023-10-20 00:00:00,2023-10-20
478,1697673600000,31579.5390625,31669.419921875,31399.169921875,31430.619140625,80700000,2023-10-19 00:00:00,2023-10-19
477,1697587200000,32033.810546875,32101.470703125,31866.94921875,32042.25,83200000,2023-10-18 00:00:00,2023-10-18
476,1697500800000,32063.7890625,32260.76953125,31901.390625,32040.2890625,75600000,2023-10-17 00:00:00,2023-10-17
475,1697414400000,31983.0390625,31999.7890625,31564.310546875,31659.029296875,84500000,2023-10-16 00:00:00,2023-10-16
474,1697155200000,32328.390625,32533.080078125,32249.029296875,32315.990234375,91500000,2023-10-13 00:00:00,2023-10-13
473,1697068800000,32120.939453125,32494.66015625,32120.939453125,32494.66015625,100600000,2023-10-12 00:00:00,2023-10-12
472,1696982400000,31847.099609375,32037.0703125,31804.08984375,31936.509765625,89500000,2023-10-11 00:00:00,2023-10-11
471,1696896000000,31314.669921875,31818.259765625,31314.669921875,31746.529296875,101000000,2023-10-10 00:00:00,2023-10-10
470,1696550400000,31003.94921875,31160.44921875,30928.16015625,30994.669921875,94600000,2023-10-06 00:00:00,2023-10-06
469,1696464000000,30733.650390625,31083.900390625,30565.3203125,31075.359375,114200000,2023-10-05 00:00:00,2023-10-05
468,1696377600000,30765.029296875,30830.849609375,30487.669921875,30526.880859375,137200000,2023-10-04 00:00:00,2023-10-04
467,1696291200000,31607.970703125,31607.970703125,31157.400390625,31237.939453125,109600000,2023-10-03 00:00:00,2023-10-03
466,1696204800000,32101.970703125,32401.580078125,31759.880859375,31759.880859375,103100000,2023-10-02 00:00:00,2023-10-02
465,1695945600000,32018.640625,32027.4609375,31717.740234375,31857.619140625,132000000,2023-09-29 00:00:00,2023-09-29
464,1695859200000,32119.369140625,32164.44921875,31674.419921875,31872.51953125,115900000,2023-09-28 00:00:00,2023-09-28
463,1695772800000,32023.369140625,32371.900390625,31960.3203125,32371.900390625,105600000,2023-09-27 00:00:00,2023-09-27
462,1695686400000,32640.05078125,32643.41015625,32315.05078125,32315.05078125,86500000,2023-09-26 00:00:00,2023-09-26
461,1695600000000,32517.259765625,32722.220703125,32388.279296875,32678.619140625,82100000,2023-09-25 00:00:00,2023-09-25
460,1695340800000,32189.3203125,32535.669921875,32154.529296875,32402.41015625,109800000,2023-09-22 00:00:00,2023-09-22
459,1695254400000,32865.55859375,32939.890625,32550.650390625,32571.029296875,107900000,2023-09-21 00:00:00,2023-09-21
458,1695168000000,33261.3515625,33267.140625,32988.6484375,33023.78125,113500000,2023-09-20 00:00:00,2023-09-20
457,1695081600000,33296.23046875,33337.23046875,33128.859375,33242.58984375,117200000,2023-09-19 00:00:00,2023-09-19
456,1694736000000,33428.44140625,33634.30859375,33391.4609375,33533.08984375,166600000,2023-09-15 00:00:00,2023-09-15
455,1694649600000,32925.5390625,33244.44921875,32851.23828125,33168.1015625,112100000,2023-09-14 00:00:00,2023-09-14
454,1694563200000,32742.2890625,32872.44140625,32616.650390625,32706.51953125,98100000,2023-09-13 00:00:00,2023-09-13
453,1694476800000,32629.16015625,32799.69140625,32486.48046875,32776.37109375,94000000,2023-09-12 00:00:00,2023-09-12
452,1694390400000,32690.5390625,32746.140625,32391.689453125,32467.759765625,84200000,2023-09-11 00:00:00,2023-09-11
451,1694131200000,32916.25,32920.4296875,32512.80078125,32606.83984375,114100000,2023-09-08 00:00:00,2023-09-08
450,1694044800000,33118.55078125,33322.44921875,32986.3515625,32991.078125,100200000,2023-09-07 00:00:00,2023-09-07
449,1693958400000,33115.05859375,33282.1484375,33088.21875,33241.01953125,94200000,2023-09-06 00:00:00,2023-09-06
448,1693872000000,32941.41015625,33036.76171875,32784.3203125,33036.76171875,91300000,2023-09-05 00:00:00,2023-09-05
447,1693785600000,32797.3203125,32939.1796875,32714.939453125,32939.1796875,89600000,2023-09-04 00:00:00,2023-09-04
446,1693526400000,32521.150390625,32845.4609375,32499.439453125,32710.619140625,88400000,2023-09-01 00:00:00,2023-09-01
445,1693440000000,32361.01953125,32692.759765625,32359.150390625,32619.33984375,114600000,2023-08-31 00:00:00,2023-08-31
444,1693353600000,32432.94921875,32557.44921875,32300.560546875,32333.4609375,89100000,2023-08-30 00:00:00,2023-08-30
443,1693267200000,32280.5703125,32389.119140625,32186.5703125,32226.970703125,77500000,2023-08-29 00:00:00,2023-08-29
442,1693180800000,31915.6796875,32205.48046875,31881.9296875,32169.990234375,69900000,2023-08-28 00:00:00,2023-08-28
441,1692921600000,31840.91015625,31885.529296875,31572.060546875,31624.279296875,65700000,2023-08-25 00:00:00,2023-08-25
440,1692835200000,32130.51953125,32297.91015625,32063.140625,32287.2109375,73400000,2023-08-24 00:00:00,2023-08-24
439,1692748800000,31717.91015625,32039.599609375,31717.91015625,32010.259765625,65100000,2023-08-23 00:00:00,2023-08-23
438,1692662400000,31792.599609375,31906.099609375,31693.759765625,31856.7109375,70200000,2023-08-22 00:00:00,2023-08-22
437,1692576000000,31552.849609375,31758.69921875,31409.859375,31565.640625,69500000,2023-08-21 00:00:00,2023-08-21
436,1692316800000,31321.259765625,31644.890625,31275.25,31450.759765625,74800000,2023-08-18 00:00:00,2023-08-18
435,1692230400000,31621.98046875,31704.080078125,31309.6796875,31626.0,87700000,2023-08-17 00:00:00,2023-08-17
434,1692144000000,31965.580078125,31997.279296875,31766.8203125,31766.8203125,84800000,2023-08-16 00:00:00,2023-08-16
433,1692057600000,32372.529296875,32403.9296875,32217.51953125,32238.890625,75100000,2023-08-15 00:00:00,2023-08-15
432,1691971200000,32456.720703125,32613.990234375,32031.5390625,32059.91015625,95600000,2023-08-14 00:00:00,2023-08-14
431,1691625600000,32015.9609375,32504.849609375,32015.9609375,32473.650390625,108000000,2023-08-10 00:00:00,2023-08-10
430,1691539200000,32346.3203125,32407.849609375,32175.640625,32204.330078125,104500000,2023-08-09 00:00:00,2023-08-09
429,1691452800000,32430.609375,32539.880859375,32238.58984375,32377.2890625,91800000,2023-08-08 00:00:00,2023-08-08
428,1691366400000,31921.279296875,32306.869140625,31830.23046875,32254.560546875,94100000,2023-08-07 00:00:00,2023-08-07
427,1691107200000,32019.060546875,32294.69921875,31934.349609375,32192.75,106600000,2023-08-04 00:00:00,2023-08-04
426,1691020800000,32375.849609375,32467.060546875,32142.25,32159.279296875,120300000,2023-08-03 00:00:00,2023-08-03
425,1690934400000,33123.12109375,33158.578125,32628.2890625,32707.689453125,124200000,2023-08-02 00:00:00,2023-08-02
424,1690848000000,33292.30859375,33488.76953125,33203.87890625,33476.578125,110800000,2023-08-01 00:00:00,2023-08-01
423,1690761600000,33128.828125,33402.078125,33025.9296875,33172.21875,134300000,2023-07-31 00:00:00,2023-07-31
422,1690502400000,32444.419921875,32846.96875,32037.55078125,32759.23046875,170500000,2023-07-28 00:00:00,2023-07-28
421,1690416000000,32523.689453125,32938.58984375,32503.689453125,32891.16015625,90900000,2023-07-27 00:00:00,2023-07-27
420,1690329600000,32704.9609375,32724.25,32488.51953125,32668.33984375,85200000,2023-07-26 00:00:00,2023-07-26
419,1690243200000,32705.390625,32715.560546875,32509.939453125,32682.509765625,101000000,2023-07-25 00:00:00,2023-07-25
418,1690156800000,32648.140625,32793.76953125,32554.4609375,32700.939453125,83500000,2023-07-24 00:00:00,2023-07-24
417,1689897600000,32336.859375,32462.439453125,32080.94921875,32304.25,79400000,2023-07-21 00:00:00,2023-07-21
416,1689811200000,32803.3515625,32861.01953125,32462.859375,32490.51953125,75600000,2023-07-20 00:00:00,2023-07-20
415,1689724800000,32812.359375,32896.03125,32671.029296875,32896.03125,81900000,2023-07-19 00:00:00,2023-07-19
414,1689638400000,32457.1796875,32714.58984375,32338.30078125,32493.890625,81100000,2023-07-18 00:00:00,2023-07-18
413,1689292800000,32587.900390625,32780.62890625,32225.369140625,32391.259765625,90300000,2023-07-14 00:00:00,2023-07-14
412,1689206400000,32106.05078125,32484.400390625,31952.98046875,32419.330078125,77800000,2023-07-13 00:00:00,2023-07-13
411,1689120000000,32280.05078125,32312.029296875,31791.7109375,31943.9296875,88400000,2023-07-12 00:00:00,2023-07-12
410,1689033600000,32434.669921875,32468.69921875,32084.419921875,32203.5703125,87200000,2023-07-11 00:00:00,2023-07-11
409,1688947200000,32393.4609375,32558.98046875,32065.630859375,32189.73046875,101200000,2023-07-10 00:00:00,2023-07-10
408,1688688000000,32450.640625,32730.25,32327.900390625,32388.419921875,105100000,2023-07-07 00:00:00,2023-07-07
407,1688601600000,33058.3984375,33079.44921875,32637.720703125,32773.01953125,100600000,2023-07-06 00:00:00,2023-07-06
406,1688515200000,33165.05859375,33389.21875,33041.140625,33338.69921875,95100000,2023-07-05 00:00:00,2023-07-05
405,1688428800000,33512.26171875,33576.44921875,33338.78125,33422.51953125,99400000,2023-07-04 00:00:00,2023-07-04
404,1688342400000,33517.6015625,33762.80859375,33510.55078125,33753.328125,95400000,2023-07-03 00:00:00,2023-07-03
403,1688083200000,33068.359375,33232.890625,32918.76953125,33189.0390625,111300000,2023-06-30 00:00:00,2023-06-30
402,1687996800000,33306.83984375,33527.98046875,33185.19921875,33234.140625,117900000,2023-06-29 00:00:00,2023-06-29
401,1687910400000,32807.83984375,33193.98828125,32642.869140625,33193.98828125,91100000,2023-06-28 00:00:00,2023-06-28
400,1687824000000,32629.9609375,32689.099609375,32306.990234375,32538.330078125,79600000,2023-06-27 00:00:00,2023-06-27
399,1687737600000,32647.080078125,32884.73046875,32392.720703125,32698.810546875,74100000,2023-06-26 00:00:00,2023-06-26
398,1687478400000,33458.3515625,33533.46875,32575.560546875,32781.5390625,103600000,2023-06-23 00:00:00,2023-06-23
397,1687392000000,33438.01171875,33641.4609375,33232.19140625,33264.87890625,94700000,2023-06-22 00:00:00,2023-06-22
396,1687305600000,33200.62890625,33657.87109375,33154.6796875,33575.140625,82000000,2023-06-21 00:00:00,2023-06-21
395,1687219200000,33269.5703125,33474.73828125,33089.01953125,33388.91015625,82400000,2023-06-20 00:00:00,2023-06-20
394,1687132800000,33768.69140625,33772.890625,33231.55859375,33370.421875,82900000,2023-06-19 00:00:00,2023-06-19
393,1686873600000,33399.1484375,33772.76171875,33186.9296875,33706.078125,132000000,2023-06-16 00:00:00,2023-06-16
392,1686787200000,33493.69140625,33767.12890625,33386.01171875,33485.48828125,105800000,2023-06-15 00:00:00,2023-06-15
391,1686700800000,33331.46875,33665.51953125,33203.94921875,33502.421875,111600000,2023-06-14 00:00:00,2023-06-14
390,1686614400000,32668.94921875,33127.359375,32638.2109375,33018.6484375,89500000,2023-06-13 00:00:00,2023-06-13
389,1686528000000,32412.119140625,32517.6796875,32280.5390625,32434.0,68700000,2023-06-12 00:00:00,2023-06-12
388,1686268800000,31927.380859375,32304.0390625,31898.75,32265.169921875,101500000,2023-06-09 00:00:00,2023-06-09
387,1686182400000,31877.7890625,32035.94921875,31420.44921875,31641.26953125,86000000,2023-06-08 00:00:00,2023-06-08
386,1686096000000,32618.779296875,32708.529296875,31913.740234375,31913.740234375,111900000,2023-06-07 00:00:00,2023-06-07
385,1686009600000,31988.369140625,32534.470703125,31933.869140625,32506.779296875,82500000,2023-06-06 00:00:00,2023-06-06
384,1685923200000,31864.119140625,32217.4296875,31798.720703125,32217.4296875,98800000,2023-06-05 00:00:00,2023-06-05
383,1685664000000,31300.720703125,31555.5390625,31257.009765625,31524.220703125,90700000,2023-06-02 00:00:00,2023-06-02
382,1685577600000,30886.009765625,31185.05078125,30853.439453125,31148.009765625,95100000,2023-06-01 00:00:00,2023-06-01
381,1685491200000,31057.08984375,31142.779296875,30785.98046875,30887.880859375,184600000,2023-05-31 00:00:00,2023-05-31
380,1685404800000,31196.240234375,31374.830078125,31064.189453125,31328.16015625,71800000,2023-05-30 00:00:00,2023-05-30
379,1685318400000,31388.009765625,31560.4296875,31164.0,31233.5390625,78300000,2023-05-29 00:00:00,2023-05-29
378,1685059200000,30909.609375,31101.599609375,30864.490234375,30916.310546875,78300000,2023-05-26 00:00:00,2023-05-26
377,1684972800000,30599.26953125,30889.98046875,30558.140625,30801.130859375,84000000,2023-05-25 00:00:00,2023-05-25
376,1684886400000,30728.689453125,30856.919921875,30566.830078125,30682.6796875,81700000,2023-05-24 00:00:00,2023-05-24
375,1684800000000,31245.720703125,31352.529296875,30828.73046875,30957.76953125,92200000,2023-05-23 00:00:00,2023-05-23
374,1684713600000,30735.7109375,31086.8203125,30689.26953125,31086.8203125,75400000,2023-05-22 00:00:00,2023-05-22
373,1684454400000,30847.359375,30924.5703125,30679.16015625,30808.349609375,80500000,2023-05-19 00:00:00,2023-05-19
372,1684368000000,30432.5390625,30667.130859375,30381.900390625,30573.9296875,90500000,2023-05-18 00:00:00,2023-05-18
371,1684281600000,29912.439453125,30115.3203125,29912.439453125,30093.58984375,93100000,2023-05-17 00:00:00,2023-05-17
370,1684195200000,29838.009765625,29916.560546875,29779.0703125,29842.990234375,107400000,2023-05-16 00:00:00,2023-05-16
369,1684108800000,29547.0390625,29629.470703125,29475.970703125,29626.33984375,88600000,2023-05-15 00:00:00,2023-05-15
368,1683849600000,29199.30078125,29426.060546875,29141.51953125,29388.30078125,106100000,2023-05-12 00:00:00,2023-05-12
367,1683763200000,29110.7890625,29165.58984375,29028.7109375,29126.720703125,82200000,2023-05-11 00:00:00,2023-05-11
366,1683676800000,29189.41015625,29195.16015625,29070.109375,29122.1796875,87300000,2023-05-10 00:00:00,2023-05-10
365,1683590400000,29020.630859375,29262.359375,29020.630859375,29242.8203125,86400000,2023-05-09 00:00:00,2023-05-09
364,1683504000000,29095.4609375,29144.119140625,28931.810546875,28949.880859375,74100000,2023-05-08 00:00:00,2023-05-08
363,1682985600000,29278.80078125,29278.80078125,29083.130859375,29157.94921875,63900000,2023-05-02 00:00:00,2023-05-02
362,1682899200000,29058.05078125,29145.890625,29016.830078125,29123.1796875,73400000,2023-05-01 00:00:00,2023-05-01
361,1682640000000,28705.91015625,28879.240234375,28499.509765625,28856.439453125,104000000,2023-04-28 00:00:00,2023-04-28
360,1682553600000,28340.58984375,28459.73046875,28241.669921875,28457.6796875,73600000,2023-04-27 00:00:00,2023-04-27
359,1682467200000,28478.51953125,28551.609375,28319.76953125,28416.470703125,68700000,2023-04-26 00:00:00,2023-04-26
358,1682380800000,28697.73046875,28806.689453125,28609.76953125,28620.0703125,59300000,2023-04-25 00:00:00,2023-04-25
357,1682294400000,28631.779296875,28680.650390625,28567.240234375,28593.51953125,50000000,2023-04-24 00:00:00,2023-04-24
356,1682035200000,28590.55078125,28778.369140625,28527.80078125,28564.369140625,61400000,2023-04-21 00:00:00,2023-04-21
355,1681948800000,28472.0,28694.25,28442.44921875,28657.5703125,56700000,2023-04-20 00:00:00,2023-04-20
354,1681862400000,28619.83984375,28677.220703125,28531.5390625,28606.759765625,58000000,2023-04-19 00:00:00,2023-04-19
353,1681776000000,28567.5390625,28698.220703125,28520.759765625,28658.830078125,62300000,2023-04-18 00:00:00,2023-04-18
352,1681689600000,28537.990234375,28599.75,28414.98046875,28514.779296875,58000000,2023-04-17 00:00:00,2023-04-17
351,1681430400000,28321.5390625,28515.509765625,28282.8203125,28493.470703125,72900000,2023-04-14 00:00:00,2023-04-14
350,1681344000000,27952.580078125,28163.869140625,27952.009765625,28156.970703125,59900000,2023-04-13 00:00:00,2023-04-13
349,1681257600000,27985.9296875,28121.4609375,27983.970703125,28082.69921875,62700000,2023-04-12 00:00:00,2023-04-12
348,1681171200000,27895.900390625,28068.390625,27854.8203125,27923.369140625,64800000,2023-04-11 00:00:00,2023-04-11
347,1681084800000,27658.51953125,27737.490234375,27597.1796875,27633.66015625,48000000,2023-04-10 00:00:00,2023-04-10
346,1680825600000,27554.369140625,27591.150390625,27456.25,27518.310546875,49100000,2023-04-07 00:00:00,2023-04-07
345,1680739200000,27589.140625,27609.859375,27427.66015625,27472.630859375,73200000,2023-04-06 00:00:00,2023-04-06
344,1680652800000,28111.0390625,28133.5703125,27788.76953125,27813.259765625,74300000,2023-04-05 00:00:00,2023-04-05
343,1680566400000,28213.9296875,28287.419921875,28139.119140625,28287.419921875,73300000,2023-04-04 00:00:00,2023-04-04
342,1680480000000,28203.349609375,28258.91015625,28120.7109375,28188.150390625,75000000,2023-04-03 00:00:00,2023-04-03
341,1680220800000,28009.220703125,28124.619140625,27986.619140625,28041.48046875,91100000,2023-03-31 00:00:00,2023-03-31
340,1680134400000,27827.890625,27876.380859375,27630.55078125,27782.9296875,82000000,2023-03-30 00:00:00,2023-03-30
339,1680048000000,27549.369140625,27897.720703125,27505.48046875,27883.779296875,83800000,2023-03-29 00:00:00,2023-03-29
338,1679961600000,27573.8203125,27603.44921875,27432.759765625,27518.25,66400000,2023-03-28 00:00:00,2023-03-28
337,1679875200000,27482.390625,27543.48046875,27359.720703125,27476.869140625,57400000,2023-03-27 00:00:00,2023-03-27
336,1679616000000,27368.619140625,27397.2890625,27257.439453125,27385.25,59500000,2023-03-24 00:00:00,2023-03-24
335,1679529600000,27232.970703125,27461.970703125,27175.630859375,27419.609375,64100000,2023-03-23 00:00:00,2023-03-23
334,1679443200000,27298.150390625,27520.970703125,27267.259765625,27466.609375,78100000,2023-03-22 00:00:00,2023-03-22
333,1679270400000,27253.73046875,27367.1796875,26945.669921875,26945.669921875,79200000,2023-03-20 00:00:00,2023-03-20
332,1679011200000,27232.23046875,27356.150390625,27071.7109375,27333.7890625,101500000,2023-03-17 00:00:00,2023-03-17
331,1678924800000,26796.669921875,27057.5390625,26632.919921875,27010.609375,107100000,2023-03-16 00:00:00,2023-03-16
330,1678838400000,27421.66015625,27424.939453125,27105.990234375,27229.48046875,86600000,2023-03-15 00:00:00,2023-03-15
329,1678752000000,27455.94921875,27455.94921875,27104.75,27222.0390625,125700000,2023-03-14 00:00:00,2023-03-14
328,1678665600000,27886.2109375,27906.970703125,27631.529296875,27832.9609375,96100000,2023-03-13 00:00:00,2023-03-13
327,1678406400000,28385.2890625,28424.240234375,28118.740234375,28143.970703125,111300000,2023-03-10 00:00:00,2023-03-10
326,1678320000000,28648.109375,28734.7890625,28558.880859375,28623.150390625,72300000,2023-03-09 00:00:00,2023-03-09
325,1678233600000,28237.2109375,28469.41015625,28232.6796875,28444.189453125,67200000,2023-03-08 00:00:00,2023-03-08
324,1678147200000,28202.58984375,28398.26953125,28202.58984375,28309.16015625,69800000,2023-03-07 00:00:00,2023-03-07
323,1678060800000,28182.310546875,28288.619140625,28153.8203125,28237.779296875,65700000,2023-03-06 00:00:00,2023-03-06
322,1677801600000,27683.259765625,27961.2109375,27655.33984375,27927.470703125,78200000,2023-03-03 00:00:00,2023-03-03
321,1677715200000,27564.8203125,27617.80078125,27408.5390625,27498.869140625,69300000,2023-03-02 00:00:00,2023-03-02
320,1677628800000,27363.5703125,27530.759765625,27305.369140625,27516.529296875,69800000,2023-03-01 00:00:00,2023-03-01
319,1677542400000,27515.33984375,27585.169921875,27400.359375,27445.560546875,86300000,2023-02-28 00:00:00,2023-02-28
318,1677456000000,27322.73046875,27456.220703125,27292.740234375,27423.9609375,59400000,2023-02-27 00:00:00,2023-02-27
317,1677196800000,27144.720703125,27465.900390625,27128.3203125,27453.48046875,76000000,2023-02-24 00:00:00,2023-02-24
316,1677024000000,27265.990234375,27300.529296875,27046.080078125,27104.3203125,74700000,2023-02-22 00:00:00,2023-02-22
315,1676937600000,27486.08984375,27538.2890625,27359.119140625,27473.099609375,61600000,2023-02-21 00:00:00,2023-02-21
314,1676851200000,27497.130859375,27531.939453125,27426.48046875,27531.939453125,62500000,2023-02-20 00:00:00,2023-02-20
313,1676592000000,27484.599609375,27608.58984375,27466.609375,27513.130859375,68800000,2023-02-17 00:00:00,2023-02-17
312,1676505600000,27654.720703125,27727.66015625,27597.119140625,27696.439453125,68100000,2023-02-16 00:00:00,2023-02-16
311,1676419200000,27686.009765625,27720.26953125,27444.130859375,27501.859375,72100000,2023-02-15 00:00:00,2023-02-15
310,1676332800000,27705.369140625,27721.8203125,27553.1796875,27602.76953125,55800000,2023-02-14 00:00:00,2023-02-14
309,1676246400000,27550.349609375,27570.3203125,27266.939453125,27427.3203125,70400000,2023-02-13 00:00:00,2023-02-13
308,1675987200000,27711.25,27814.01953125,27609.330078125,27670.98046875,88800000,2023-02-10 00:00:00,2023-02-10
307,1675900800000,27453.400390625,27635.380859375,27424.689453125,27584.349609375,61700000,2023-02-09 00:00:00,2023-02-09
306,1675814400000,27690.740234375,27719.44921875,27458.529296875,27606.4609375,69000000,2023-02-08 00:00:00,2023-02-08
305,1675728000000,27744.900390625,27814.9609375,27662.109375,27685.470703125,74300000,2023-02-07 00:00:00,2023-02-07
304,1675641600000,27764.66015625,27821.220703125,27656.470703125,27693.650390625,88400000,2023-02-06 00:00:00,2023-02-06
303,1675382400000,27455.029296875,27612.5703125,27445.689453125,27509.4609375,92800000,2023-02-03 00:00:00,2023-02-03
302,1675296000000,27453.669921875,27472.439453125,27338.4296875,27402.05078125,73200000,2023-02-02 00:00:00,2023-02-02
301,1675209600000,27483.41015625,27547.669921875,27322.7890625,27346.880859375,65800000,2023-02-01 00:00:00,2023-02-01
300,1675123200000,27458.560546875,27494.169921875,27302.220703125,27327.109375,74600000,2023-01-31 00:00:00,2023-01-31
299,1675036800000,27384.76953125,27486.419921875,27337.25,27433.400390625,65800000,2023-01-30 00:00:00,2023-01-30
298,1674777600000,27428.41015625,27452.669921875,27326.91015625,27382.560546875,71500000,2023-01-27 00:00:00,2023-01-27
297,1674691200000,27444.640625,27502.150390625,27284.080078125,27362.75,63300000,2023-01-26 00:00:00,2023-01-26
296,1674604800000,27175.880859375,27473.900390625,27175.880859375,27395.009765625,63400000,2023-01-25 00:00:00,2023-01-25
295,1674518400000,27150.4296875,27381.0,27150.4296875,27299.189453125,70800000,2023-01-24 00:00:00,2023-01-24
294,1674432000000,26880.2109375,26938.279296875,26788.759765625,26906.0390625,60200000,2023-01-23 00:00:00,2023-01-23
293,1674172800000,26346.689453125,26553.529296875,26320.9609375,26553.529296875,60400000,2023-01-20 00:00:00,2023-01-20
292,1674086400000,26541.080078125,26592.869140625,26368.970703125,26405.23046875,68700000,2023-01-19 00:00:00,2023-01-19
291,1674000000000,26251.33984375,26816.6796875,26211.83984375,26791.119140625,93400000,2023-01-18 00:00:00,2023-01-18
290,1673913600000,25915.509765625,26198.689453125,25895.30078125,26138.6796875,68100000,2023-01-17 00:00:00,2023-01-17
289,1673827200000,25836.669921875,25938.0390625,25748.099609375,25822.3203125,71700000,2023-01-16 00:00:00,2023-01-16
288,1673568000000,26391.779296875,26409.2109375,26090.83984375,26119.51953125,98300000,2023-01-13 00:00:00,2023-01-13
287,1673481600000,26524.939453125,26547.609375,26381.9296875,26449.8203125,77000000,2023-01-12 00:00:00,2023-01-12
286,1673395200000,26362.2109375,26479.990234375,26332.05078125,26446.0,62400000,2023-01-11 00:00:00,2023-01-11
285,1673308800000,26176.609375,26316.66015625,26132.80078125,26175.560546875,71200000,2023-01-10 00:00:00,2023-01-10
284,1672963200000,25740.080078125,26034.060546875,25719.609375,25973.849609375,68200000,2023-01-06 00:00:00,2023-01-06
283,1672876800000,25825.5,25947.099609375,25750.4609375,25820.80078125,72300000,2023-01-05 00:00:00,2023-01-05
282,1672790400000,25834.9296875,25840.6796875,25661.890625,25716.859375,83300000,2023-01-04 00:00:00,2023-01-04
281,1672358400000,26288.0,26321.369140625,26067.919921875,26094.5,52700000,2022-12-30 00:00:00,2022-12-30
280,1672272000000,26074.900390625,26126.69921875,25953.919921875,26093.669921875,63100000,2022-12-29 00:00:00,2022-12-29
279,1672185600000,26309.33984375,26354.26953125,26199.669921875,26340.5,61500000,2022-12-28 00:00:00,2022-12-28
278,1672099200000,26570.779296875,26620.490234375,26447.869140625,26447.869140625,50200000,2022-12-27 00:00:00,2022-12-27
277,1672012800000,26299.5390625,26438.650390625,26294.849609375,26405.869140625,47300000,2022-12-26 00:00:00,2022-12-26
276,1671753600000,26207.76953125,26291.98046875,26106.380859375,26235.25,75700000,2022-12-23 00:00:00,2022-12-23
275,1671667200000,26552.4296875,26585.279296875,26399.310546875,26507.869140625,73400000,2022-12-22 00:00:00,2022-12-22
274,1671580800000,26547.169921875,26616.279296875,26269.80078125,26387.720703125,119200000,2022-12-21 00:00:00,2022-12-21
273,1671494400000,27257.349609375,27339.490234375,26416.91015625,26568.029296875,118500000,2022-12-20 00:00:00,2022-12-20
272,1671408000000,27279.919921875,27349.580078125,27165.779296875,27237.640625,58200000,2022-12-19 00:00:00,2022-12-19
271,1671148800000,27706.69921875,27713.0390625,27488.830078125,27527.119140625,83800000,2022-12-16 00:00:00,2022-12-16
270,1671062400000,27991.140625,28163.169921875,27987.5390625,28051.69921875,51100000,2022-12-15 00:00:00,2022-12-15
269,1670976000000,28005.029296875,28195.689453125,27993.779296875,28156.2109375,54800000,2022-12-14 00:00:00,2022-12-14
268,1670889600000,28067.369140625,28116.560546875,27907.490234375,27954.849609375,51900000,2022-12-13 00:00:00,2022-12-13
267,1670803200000,27741.099609375,27865.720703125,27734.66015625,27842.330078125,49600000,2022-12-12 00:00:00,2022-12-12
266,1670544000000,27633.9609375,27952.80078125,27633.9609375,27901.009765625,70200000,2022-12-09 00:00:00,2022-12-09
265,1670457600000,27622.30078125,27643.640625,27415.66015625,27574.4296875,64900000,2022-12-08 00:00:00,2022-12-08
264,1670371200000,27670.2890625,27786.25,27646.779296875,27686.400390625,63000000,2022-12-07 00:00:00,2022-12-07
263,1670284800000,27704.060546875,27934.0703125,27698.310546875,27885.869140625,60400000,2022-12-06 00:00:00,2022-12-06
262,1670198400000,27752.990234375,27854.109375,27700.859375,27820.400390625,63900000,2022-12-05 00:00:00,2022-12-05
261,1669939200000,27983.1796875,27983.1796875,27662.119140625,27777.900390625,79400000,2022-12-02 00:00:00,2022-12-02
260,1669852800000,28273.130859375,28423.4609375,28226.080078125,28226.080078125,71400000,2022-12-01 00:00:00,2022-12-01
259,1669766400000,27886.669921875,27972.890625,27802.7109375,27968.990234375,106600000,2022-11-30 00:00:00,2022-11-30
258,1669680000000,27991.5,28055.91015625,27899.98046875,28027.83984375,64800000,2022-11-29 00:00:00,2022-11-29
257,1669593600000,28220.560546875,28238.5,28046.3203125,28162.830078125,64600000,2022-11-28 00:00:00,2022-11-28
256,1669334400000,28398.76953125,28399.880859375,28263.599609375,28283.029296875,56800000,2022-11-25 00:00:00,2022-11-25
255,1669248000000,28373.720703125,28502.2890625,28363.66015625,28383.08984375,83900000,2022-11-24 00:00:00,2022-11-24
254,1669075200000,28059.509765625,28203.349609375,28038.16015625,28115.740234375,75900000,2022-11-22 00:00:00,2022-11-22
253,1668988800000,27982.0,28007.060546875,27846.30078125,27944.7890625,56500000,2022-11-21 00:00:00,2022-11-21
252,1668729600000,28009.8203125,28045.439453125,27877.779296875,27899.76953125,64800000,2022-11-18 00:00:00,2022-11-18
251,1668643200000,27952.2109375,28029.619140625,27910.009765625,27930.5703125,58900000,2022-11-17 00:00:00,2022-11-17
250,1668556800000,28020.490234375,28069.25,27743.150390625,28028.30078125,73200000,2022-11-16 00:00:00,2022-11-16
249,1668470400000,27940.259765625,28038.630859375,27903.26953125,27990.169921875,71200000,2022-11-15 00:00:00,2022-11-15
248,1668384000000,28277.640625,28305.0390625,27963.470703125,27963.470703125,85100000,2022-11-14 00:00:00,2022-11-14
247,1668124800000,27868.689453125,28329.5390625,27837.08984375,28263.5703125,103700000,2022-11-11 00:00:00,2022-11-11
246,1668038400000,27459.080078125,27485.380859375,27370.619140625,27446.099609375,77100000,2022-11-10 00:00:00,2022-11-10
245,1667952000000,27884.55078125,27926.51953125,27688.859375,27716.4296875,79100000,2022-11-09 00:00:00,2022-11-09
244,1667865600000,27718.83984375,27943.26953125,27704.640625,27872.109375,84400000,2022-11-08 00:00:00,2022-11-08
243,1667779200000,27406.779296875,27578.009765625,27357.529296875,27527.640625,78900000,2022-11-07 00:00:00,2022-11-07
242,1667520000000,27371.890625,27389.30078125,27032.01953125,27199.740234375,111100000,2022-11-04 00:00:00,2022-11-04
241,1667347200000,27562.30078125,27692.55078125,27546.880859375,27663.390625,86600000,2022-11-02 00:00:00,2022-11-02
240,1667260800000,27614.640625,27682.970703125,27526.1796875,27678.919921875,72600000,2022-11-01 00:00:00,2022-11-01
239,1667174400000,27404.30078125,27602.990234375,27392.990234375,27587.4609375,71100000,2022-10-31 00:00:00,2022-10-31
238,1666915200000,27097.380859375,27265.4609375,26981.080078125,27105.19921875,144600000,2022-10-28 00:00:00,2022-10-28
237,1666828800000,27407.23046875,27450.259765625,27330.7890625,27345.240234375,65400000,2022-10-27 00:00:00,2022-10-27
236,1666742400000,27410.640625,27578.05078125,27404.900390625,27431.83984375,61000000,2022-10-26 00:00:00,2022-10-26
235,1666656000000,27113.19921875,27337.80078125,27073.1796875,27250.279296875,62200000,2022-10-25 00:00:00,2022-10-25
234,1666569600000,27233.0,27308.970703125,26974.900390625,26974.900390625,59100000,2022-10-24 00:00:00,2022-10-24
233,1666310400000,26903.5,26985.380859375,26869.380859375,26890.580078125,56300000,2022-10-21 00:00:00,2022-10-21
232,1666224000000,26981.75,27092.55078125,26872.44921875,27006.9609375,60300000,2022-10-20 00:00:00,2022-10-20
231,1666137600000,27225.169921875,27371.380859375,27192.7890625,27257.380859375,57600000,2022-10-19 00:00:00,2022-10-19
230,1666051200000,27167.73046875,27229.880859375,26910.099609375,27156.140625,66100000,2022-10-18 00:00:00,2022-10-18
229,1665964800000,26785.01953125,26814.919921875,26649.130859375,26775.7890625,65300000,2022-10-17 00:00:00,2022-10-17
228,1665705600000,26599.3203125,27180.16015625,26595.349609375,27090.759765625,82400000,2022-10-14 00:00:00,2022-10-14
227,1665619200000,26398.2890625,26408.310546875,26237.419921875,26237.419921875,59200000,2022-10-13 00:00:00,2022-10-13
226,1665532800000,26353.220703125,26495.75,26313.41015625,26396.830078125,68800000,2022-10-12 00:00:00,2022-10-12
225,1665446400000,26757.119140625,26759.619140625,26369.560546875,26401.25,78900000,2022-10-11 00:00:00,2022-10-11
224,1665100800000,26975.919921875,27198.91015625,26921.900390625,27116.109375,66700000,2022-10-07 00:00:00,2022-10-07
223,1665014400000,27137.98046875,27399.189453125,27137.98046875,27311.30078125,69400000,2022-10-06 00:00:00,2022-10-06
222,1664928000000,27211.3203125,27216.80078125,27030.55078125,27120.529296875,73300000,2022-10-05 00:00:00,2022-10-05
221,1664841600000,26653.490234375,26994.439453125,26633.51953125,26992.2109375,87100000,2022-10-04 00:00:00,2022-10-04
220,1664755200000,25778.94921875,26223.83984375,25621.9609375,26215.7890625,80700000,2022-10-03 00:00:00,2022-10-03
219,1664496000000,26240.0,26273.650390625,25805.58984375,25937.2109375,101300000,2022-09-30 00:00:00,2022-09-30
218,1664409600000,26280.5,26458.669921875,26221.779296875,26422.05078125,88900000,2022-09-29 00:00:00,2022-09-29
217,1664323200000,26422.859375,26516.3203125,25938.359375,26173.98046875,92900000,2022-09-28 00:00:00,2022-09-28
216,1664236800000,26585.380859375,26680.19921875,26523.76953125,26571.869140625,66800000,2022-09-27 00:00:00,2022-09-27
215,1664150400000,26779.439453125,26779.439453125,26424.599609375,26431.55078125,96500000,2022-09-26 00:00:00,2022-09-26
214,1663804800000,27053.580078125,27197.0703125,26955.1796875,27153.830078125,62200000,2022-09-22 00:00:00,2022-09-22
213,1663718400000,27440.83984375,27467.33984375,27297.5,27313.130859375,65500000,2022-09-21 00:00:00,2022-09-21
212,1663632000000,27788.6796875,27907.44921875,27627.859375,27688.419921875,60000000,2022-09-20 00:00:00,2022-09-20
211,1663286400000,27631.390625,27654.990234375,27525.6796875,27567.650390625,81600000,2022-09-16 00:00:00,2022-09-16
210,1663200000000,27873.9609375,27946.19921875,27801.439453125,27875.91015625,48700000,2022-09-15 00:00:00,2022-09-15
209,1663113600000,28132.69921875,28141.919921875,27795.640625,27818.619140625,70900000,2022-09-14 00:00:00,2022-09-14
208,1663027200000,28556.2109375,28659.759765625,28530.359375,28614.630859375,51700000,2022-09-13 00:00:00,2022-09-13
207,1662940800000,28483.58984375,28612.890625,28438.369140625,28542.109375,50500000,2022-09-12 00:00:00,2022-09-12
206,1662681600000,28204.7109375,28286.01953125,28091.380859375,28214.75,74000000,2022-09-09 00:00:00,2022-09-09
205,1662595200000,27732.6796875,28083.7890625,27718.30078125,28065.279296875,75200000,2022-09-08 00:00:00,2022-09-08
204,1662508800000,27546.009765625,27546.009765625,27268.69921875,27430.30078125,69400000,2022-09-07 00:00:00,2022-09-07
203,1662422400000,27650.150390625,27813.779296875,27557.990234375,27626.509765625,46300000,2022-09-06 00:00:00,2022-09-06
202,1662336000000,27567.2890625,27673.439453125,27511.6796875,27619.609375,47100000,2022-09-05 00:00:00,2022-09-05
201,1662076800000,27755.599609375,27772.369140625,27570.740234375,27650.83984375,58800000,2022-09-02 00:00:00,2022-09-02
200,1661990400000,27797.0,27832.779296875,27589.69921875,27661.470703125,68900000,2022-09-01 00:00:00,2022-09-01
199,1661904000000,27928.08984375,28104.80078125,27906.169921875,28091.529296875,86200000,2022-08-31 00:00:00,2022-08-31
198,1661817600000,28086.720703125,28233.80078125,27944.25,28195.580078125,60700000,2022-08-30 00:00:00,2022-08-30
197,1661731200000,28161.060546875,28179.08984375,27788.119140625,27878.9609375,64100000,2022-08-29 00:00:00,2022-08-29
196,1661472000000,28639.470703125,28792.9296875,28608.69921875,28641.380859375,49100000,2022-08-26 00:00:00,2022-08-26
195,1661385600000,28415.109375,28534.7109375,28357.029296875,28479.009765625,53700000,2022-08-25 00:00:00,2022-08-25
194,1661299200000,28481.33984375,28515.609375,28282.2109375,28313.470703125,62000000,2022-08-24 00:00:00,2022-08-24
193,1661212800000,28580.19921875,28580.19921875,28395.30078125,28452.75,55700000,2022-08-23 00:00:00,2022-08-23
192,1661126400000,28654.0703125,28828.2109375,28586.359375,28794.5,49200000,2022-08-22 00:00:00,2022-08-22
191,1660867200000,29095.7109375,29150.80078125,28913.05078125,28930.330078125,48400000,2022-08-19 00:00:00,2022-08-19
190,1660780800000,28957.400390625,28999.640625,28846.51953125,28942.140625,47400000,2022-08-18 00:00:00,2022-08-18
189,1660694400000,28952.650390625,29222.76953125,28944.7109375,29222.76953125,66600000,2022-08-17 00:00:00,2022-08-17
188,1660608000000,28829.529296875,28928.16015625,28752.880859375,28868.91015625,50100000,2022-08-16 00:00:00,2022-08-16
187,1660521600000,28623.779296875,28897.0703125,28623.779296875,28871.779296875,53700000,2022-08-15 00:00:00,2022-08-15
186,1660262400000,28251.740234375,28546.98046875,28207.859375,28546.98046875,89600000,2022-08-12 00:00:00,2022-08-12
185,1660089600000,27955.109375,27964.9609375,27729.4609375,27819.330078125,59900000,2022-08-10 00:00:00,2022-08-10
184,1660003200000,28236.83984375,28257.33984375,27966.91015625,27999.9609375,64900000,2022-08-09 00:00:00,2022-08-09
183,1659916800000,28050.08984375,28279.119140625,28047.080078125,28249.240234375,66100000,2022-08-08 00:00:00,2022-08-08
182,1659657600000,27915.060546875,28190.0390625,27910.220703125,28175.869140625,71300000,2022-08-05 00:00:00,2022-08-05
181,1659571200000,27930.939453125,28005.58984375,27870.05078125,27932.19921875,83100000,2022-08-04 00:00:00,2022-08-04
180,1659484800000,27673.0,27837.630859375,27634.650390625,27741.900390625,72300000,2022-08-03 00:00:00,2022-08-03
179,1659398400000,27812.48046875,27830.580078125,27530.599609375,27594.73046875,71800000,2022-08-02 00:00:00,2022-08-02
178,1659312000000,27813.8203125,27993.349609375,27751.58984375,27993.349609375,71900000,2022-08-01 00:00:00,2022-08-01
177,1659052800000,27915.220703125,28001.80078125,27725.240234375,27801.640625,79300000,2022-07-29 00:00:00,2022-07-29
176,1658966400000,27909.150390625,28015.6796875,27651.990234375,27815.48046875,83500000,2022-07-28 00:00:00,2022-07-28
175,1658880000000,27575.16015625,27772.970703125,27525.08984375,27715.75,51100000,2022-07-27 00:00:00,2022-07-27
174,1658793600000,27682.19921875,27715.779296875,27538.390625,27655.2109375,50000000,2022-07-26 00:00:00,2022-07-26
173,1658707200000,27697.76953125,27848.58984375,27663.16015625,27699.25,46500000,2022-07-25 00:00:00,2022-07-25
172,1658448000000,27773.140625,27952.25,27701.25,27914.66015625,60100000,2022-07-22 00:00:00,2022-07-22
171,1658361600000,27627.880859375,27803.0,27549.560546875,27803.0,56700000,2022-07-21 00:00:00,2022-07-21
170,1658275200000,27295.94921875,27692.849609375,27295.94921875,27680.259765625,66700000,2022-07-20 00:00:00,2022-07-20
169,1658188800000,27003.830078125,27043.580078125,26791.7109375,26961.6796875,59400000,2022-07-19 00:00:00,2022-07-19
168,1657843200000,26736.080078125,26857.76953125,26571.380859375,26788.470703125,65500000,2022-07-15 00:00:00,2022-07-15
167,1657756800000,26357.3203125,26713.0703125,26312.7890625,26643.390625,60600000,2022-07-14 00:00:00,2022-07-14
166,1657670400000,26403.7890625,26543.0703125,26389.099609375,26478.76953125,54100000,2022-07-13 00:00:00,2022-07-13
165,1657584000000,26701.0,26718.669921875,26278.279296875,26336.66015625,64400000,2022-07-12 00:00:00,2022-07-12
164,1657497600000,26892.73046875,27062.169921875,26710.58984375,26812.30078125,68500000,2022-07-11 00:00:00,2022-07-11
163,1657238400000,26623.849609375,26881.75,26510.529296875,26517.189453125,89300000,2022-07-08 00:00:00,2022-07-08
162,1657152000000,26280.939453125,26533.650390625,26136.990234375,26490.529296875,80700000,2022-07-07 00:00:00,2022-07-07
161,1657065600000,26190.400390625,26298.9609375,26051.189453125,26107.650390625,89700000,2022-07-06 00:00:00,2022-07-06
160,1656979200000,26386.23046875,26532.509765625,26294.83984375,26423.470703125,62800000,2022-07-05 00:00:00,2022-07-05
159,1656892800000,26086.779296875,26258.859375,25945.830078125,26153.810546875,68700000,2022-07-04 00:00:00,2022-07-04
158,1656633600000,26460.7109375,26531.240234375,25841.75,25935.619140625,81700000,2022-07-01 00:00:00,2022-07-01
157,1656547200000,26753.279296875,26753.279296875,26324.310546875,26393.0390625,86100000,2022-06-30 00:00:00,2022-06-30
156,1656460800000,26814.23046875,26858.6796875,26687.470703125,26804.599609375,101100000,2022-06-29 00:00:00,2022-06-29
155,1656374400000,26795.6796875,27062.310546875,26789.5,27049.470703125,73400000,2022-06-28 00:00:00,2022-06-28
154,1656288000000,26741.80078125,26938.4296875,26665.439453125,26871.26953125,65800000,2022-06-27 00:00:00,2022-06-27
153,1656028800000,26228.419921875,26519.16015625,26148.560546875,26491.970703125,72600000,2022-06-24 00:00:00,2022-06-24
152,1655942400000,26134.890625,26401.970703125,26039.5703125,26171.25,65700000,2022-06-23 00:00:00,2022-06-23
151,1655856000000,26441.720703125,26462.830078125,26149.169921875,26149.55078125,66400000,2022-06-22 00:00:00,2022-06-22
150,1655769600000,26070.919921875,26418.83984375,25972.279296875,26246.310546875,65400000,2022-06-21 00:00:00,2022-06-21
149,1655683200000,26156.619140625,26156.619140625,25520.23046875,25771.220703125,72200000,2022-06-20 00:00:00,2022-06-20
148,1655424000000,25988.19921875,26072.349609375,25720.80078125,25963.0,115200000,2022-06-17 00:00:00,2022-06-17
147,1655337600000,26715.51953125,26947.69921875,26431.19921875,26431.19921875,67800000,2022-06-16 00:00:00,2022-06-16
146,1655251200000,26625.6796875,26638.759765625,26321.6796875,26326.16015625,72700000,2022-06-15 00:00:00,2022-06-15
145,1655164800000,26555.75,26657.919921875,26357.900390625,26629.859375,75000000,2022-06-14 00:00:00,2022-06-14
144,1655078400000,27369.66015625,27389.30078125,26948.220703125,26987.439453125,71400000,2022-06-13 00:00:00,2022-06-13
143,1654819200000,27996.349609375,28044.44921875,27795.169921875,27824.2890625,79700000,2022-06-10 00:00:00,2022-06-10
142,1654732800000,28189.349609375,28389.75,28189.349609375,28246.529296875,80300000,2022-06-09 00:00:00,2022-06-09
141,1654646400000,28100.259765625,28234.2890625,28089.779296875,28234.2890625,78700000,2022-06-08 00:00:00,2022-06-08
140,1654560000000,27984.7890625,28094.73046875,27863.380859375,27943.94921875,68300000,2022-06-07 00:00:00,2022-06-07
139,1654473600000,27549.640625,27979.5390625,27523.94921875,27915.890625,56800000,2022-06-06 00:00:00,2022-06-06
138,1654214400000,27660.619140625,27776.330078125,27614.859375,27761.5703125,63700000,2022-06-03 00:00:00,2022-06-03
137,1654128000000,27340.51953125,27450.470703125,27251.240234375,27413.880859375,63600000,2022-06-02 00:00:00,2022-06-02
136,1654041600000,27295.630859375,27482.310546875,27295.419921875,27457.890625,75800000,2022-06-01 00:00:00,2022-06-01
135,1653955200000,27318.08984375,27463.330078125,27250.69921875,27279.80078125,141800000,2022-05-31 00:00:00,2022-05-31
134,1653868800000,27092.8203125,27401.240234375,27057.19921875,27369.4296875,97000000,2022-05-30 00:00:00,2022-05-30
133,1653609600000,26947.80078125,26996.69921875,26731.599609375,26781.6796875,69300000,2022-05-27 00:00:00,2022-05-27
132,1653523200000,26685.01953125,26898.75,26597.970703125,26604.83984375,64500000,2022-05-26 00:00:00,2022-05-26
131,1653436800000,26711.529296875,26795.890625,26578.029296875,26677.80078125,72300000,2022-05-25 00:00:00,2022-05-25
130,1653350400000,27005.4296875,27005.4296875,26736.009765625,26748.140625,67400000,2022-05-24 00:00:00,2022-05-24
129,1653264000000,26991.419921875,27047.470703125,26832.650390625,27001.51953125,65000000,2022-05-23 00:00:00,2022-05-23
128,1653004800000,26448.23046875,26769.19921875,26426.990234375,26739.029296875,76300000,2022-05-20 00:00:00,2022-05-20
127,1652918400000,26435.3203125,26458.849609375,26150.08984375,26402.83984375,74500000,2022-05-19 00:00:00,2022-05-19
126,1652832000000,26826.8203125,27053.1796875,26741.33984375,26911.19921875,74700000,2022-05-18 00:00:00,2022-05-18
125,1652745600000,26555.23046875,26709.259765625,26440.619140625,26659.75,78900000,2022-05-17 00:00:00,2022-05-17
124,1652659200000,26753.369140625,26836.9609375,26438.609375,26547.05078125,87000000,2022-05-16 00:00:00,2022-05-16
123,1652400000000,25918.80078125,26479.9296875,25904.400390625,26427.650390625,103800000,2022-05-13 00:00:00,2022-05-13
122,1652313600000,25945.0390625,26028.359375,25688.109375,25748.720703125,91200000,2022-05-12 00:00:00,2022-05-12
121,1652227200000,26045.380859375,26290.619140625,26003.259765625,26213.640625,85900000,2022-05-11 00:00:00,2022-05-11
120,1652140800000,26149.060546875,26246.630859375,25773.830078125,26167.099609375,80800000,2022-05-10 00:00:00,2022-05-10
119,1652054400000,26705.3203125,26732.609375,26309.220703125,26319.33984375,79500000,2022-05-09 00:00:00,2022-05-09
118,1651795200000,26784.2890625,27072.58984375,26543.2890625,27003.560546875,98500000,2022-05-06 00:00:00,2022-05-06
117,1651449600000,26851.099609375,26964.58984375,26610.859375,26818.529296875,74500000,2022-05-02 00:00:00,2022-05-02
116,1651104000000,26430.279296875,26876.94921875,26348.359375,26847.900390625,86700000,2022-04-28 00:00:00,2022-04-28
115,1651017600000,26313.140625,26406.619140625,26051.0390625,26386.630859375,97300000,2022-04-27 00:00:00,2022-04-27
114,1650931200000,26743.2109375,26808.990234375,26592.990234375,26700.109375,64300000,2022-04-26 00:00:00,2022-04-26
113,1650844800000,26692.48046875,26764.48046875,26487.83984375,26590.779296875,62700000,2022-04-25 00:00:00,2022-04-25
112,1650585600000,27197.80078125,27205.830078125,26904.380859375,27105.259765625,58500000,2022-04-22 00:00:00,2022-04-22
111,1650499200000,27259.140625,27580.640625,27252.830078125,27553.060546875,62300000,2022-04-21 00:00:00,2022-04-21
110,1650412800000,27210.7890625,27389.83984375,27066.1796875,27217.849609375,72300000,2022-04-20 00:00:00,2022-04-20
109,1650326400000,27096.490234375,27100.58984375,26777.7109375,26985.08984375,60500000,2022-04-19 00:00:00,2022-04-19
108,1650240000000,26831.44921875,26851.80078125,26571.380859375,26799.7109375,48300000,2022-04-18 00:00:00,2022-04-18
107,1649980800000,26932.48046875,27203.76953125,26784.919921875,27093.189453125,51500000,2022-04-15 00:00:00,2022-04-15
106,1649894400000,26925.640625,27200.890625,26890.6796875,27172.0,61800000,2022-04-14 00:00:00,2022-04-14
105,1649808000000,26436.060546875,26885.869140625,26429.470703125,26843.490234375,71600000,2022-04-13 00:00:00,2022-04-13
104,1649721600000,26606.869140625,26674.859375,26304.080078125,26334.98046875,75300000,2022-04-12 00:00:00,2022-04-12
103,1649635200000,26877.599609375,27004.5,26720.4609375,26821.51953125,73500000,2022-04-11 00:00:00,2022-04-11
102,1649376000000,27097.05078125,27185.23046875,26764.359375,26985.80078125,78100000,2022-04-08 00:00:00,2022-04-08
101,1649289600000,27032.419921875,27042.490234375,26801.7890625,26888.5703125,71100000,2022-04-07 00:00:00,2022-04-07
100,1649203200000,27533.880859375,27549.669921875,27214.609375,27350.30078125,68700000,2022-04-06 00:00:00,2022-04-06
99,1649116800000,27965.939453125,27965.939453125,27662.279296875,27787.98046875,64300000,2022-04-05 00:00:00,2022-04-05
98,1649030400000,27685.650390625,27754.240234375,27578.810546875,27736.470703125,50300000,2022-04-04 00:00:00,2022-04-04
97,1648771200000,27624.109375,27738.310546875,27399.48046875,27665.98046875,66800000,2022-04-01 00:00:00,2022-04-01
96,1648684800000,27809.970703125,28101.6796875,27763.9609375,27821.4296875,78600000,2022-03-31 00:00:00,2022-03-31
95,1648598400000,28250.80078125,28281.44921875,27736.26953125,28027.25,83400000,2022-03-30 00:00:00,2022-03-30
94,1648512000000,28173.4296875,28252.419921875,28063.919921875,28252.419921875,77700000,2022-03-29 00:00:00,2022-03-29
93,1648425600000,28084.080078125,28084.080078125,27812.669921875,27943.890625,65300000,2022-03-28 00:00:00,2022-03-28
92,1648166400000,28338.810546875,28338.810546875,27946.7890625,28149.83984375,67400000,2022-03-25 00:00:00,2022-03-25
91,1648080000000,27693.76953125,28110.390625,27624.619140625,28110.390625,71600000,2022-03-24 00:00:00,2022-03-24
90,1647993600000,27606.7890625,28056.19921875,27604.369140625,28040.16015625,88200000,2022-03-23 00:00:00,2022-03-23
89,1647907200000,27091.3203125,27284.470703125,27076.330078125,27224.109375,98000000,2022-03-22 00:00:00,2022-03-22
88,1647561600000,26649.5,26862.4296875,26592.98046875,26827.4296875,108200000,2022-03-18 00:00:00,2022-03-18
87,1647475200000,26170.380859375,26702.939453125,26152.890625,26652.890625,89600000,2022-03-17 00:00:00,2022-03-17
86,1647388800000,25574.900390625,25824.939453125,25470.4609375,25762.009765625,82300000,2022-03-16 00:00:00,2022-03-16
85,1647302400000,25228.529296875,25441.669921875,25219.130859375,25346.48046875,73200000,2022-03-15 00:00:00,2022-03-15
84,1647216000000,25338.640625,25631.009765625,25299.640625,25307.849609375,72600000,2022-03-14 00:00:00,2022-03-14
83,1646956800000,25495.029296875,25503.650390625,24966.5,25162.779296875,89600000,2022-03-11 00:00:00,2022-03-11
82,1646870400000,25108.470703125,25720.310546875,25099.849609375,25690.400390625,95200000,2022-03-10 00:00:00,2022-03-10
81,1646784000000,24876.490234375,25084.080078125,24681.740234375,24717.529296875,91500000,2022-03-09 00:00:00,2022-03-09
80,1646697600000,24974.349609375,25291.330078125,24767.330078125,24790.94921875,114700000,2022-03-08 00:00:00,2022-03-08
79,1646611200000,25634.08984375,25640.41015625,25006.259765625,25221.41015625,105400000,2022-03-07 00:00:00,2022-03-07
78,1646352000000,26421.849609375,26421.849609375,25774.279296875,25985.470703125,93500000,2022-03-04 00:00:00,2022-03-04
77,1646265600000,26628.869140625,26704.849609375,26496.720703125,26577.26953125,74800000,2022-03-03 00:00:00,2022-03-03
76,1646179200000,26532.19921875,26585.30078125,26313.720703125,26393.029296875,87700000,2022-03-02 00:00:00,2022-03-02
75,1646092800000,26836.740234375,27013.259765625,26821.75,26844.720703125,74000000,2022-03-01 00:00:00,2022-03-01
74,1646006400000,26457.51953125,26644.560546875,26262.630859375,26526.8203125,91100000,2022-02-28 00:00:00,2022-02-28
73,1645747200000,26213.19921875,26481.599609375,26160.189453125,26476.5,77600000,2022-02-25 00:00:00,2022-02-25
72,1645660800000,26281.349609375,26357.580078125,25775.640625,25970.8203125,93500000,2022-02-24 00:00:00,2022-02-24
71,1645488000000,26515.44921875,26550.140625,26243.73046875,26449.609375,67300000,2022-02-22 00:00:00,2022-02-22
70,1645401600000,26771.580078125,26998.470703125,26549.0,26910.869140625,52900000,2022-02-21 00:00:00,2022-02-21
69,1645142400000,26895.16015625,27216.16015625,26792.5390625,27122.0703125,63500000,2022-02-18 00:00:00,2022-02-18
68,1645056000000,27431.419921875,27438.740234375,27080.919921875,27232.869140625,67800000,2022-02-17 00:00:00,2022-02-17
67,1644969600000,27269.05078125,27486.08984375,27227.240234375,27460.400390625,64100000,2022-02-16 00:00:00,2022-02-16
66,1644883200000,27183.560546875,27205.19921875,26724.91015625,26865.189453125,76200000,2022-02-15 00:00:00,2022-02-15
65,1644796800000,27305.919921875,27325.5,26947.650390625,27079.58984375,79800000,2022-02-14 00:00:00,2022-02-14
64,1644451200000,27818.099609375,27880.69921875,27575.0703125,27696.080078125,82900000,2022-02-10 00:00:00,2022-02-10
63,1644364800000,27488.650390625,27633.099609375,27405.880859375,27579.869140625,93500000,2022-02-09 00:00:00,2022-02-09
62,1644278400000,27318.30078125,27461.330078125,27280.25,27284.51953125,76600000,2022-02-08 00:00:00,2022-02-08
61,1644192000000,27327.630859375,27369.6796875,27085.3203125,27248.869140625,77100000,2022-02-07 00:00:00,2022-02-07
60,1643932800000,27095.900390625,27455.98046875,27075.990234375,27439.990234375,79600000,2022-02-04 00:00:00,2022-02-04
59,1643846400000,27330.9609375,27357.330078125,27165.9296875,27241.310546875,81100000,2022-02-03 00:00:00,2022-02-03
58,1643760000000,27302.990234375,27564.619140625,27289.16015625,27533.599609375,85200000,2022-02-02 00:00:00,2022-02-02
57,1643673600000,27167.140625,27410.7890625,27016.7109375,27078.48046875,81100000,2022-02-01 00:00:00,2022-02-01
56,1643587200000,26690.599609375,27134.5703125,26541.650390625,27001.98046875,78300000,2022-01-31 00:00:00,2022-01-31
55,1643328000000,26429.849609375,26764.849609375,26289.689453125,26717.33984375,76000000,2022-01-28 00:00:00,2022-01-28
54,1643241600000,27139.880859375,27193.58984375,26044.51953125,26170.30078125,88700000,2022-01-27 00:00:00,2022-01-27
53,1643155200000,27105.98046875,27184.5390625,26858.6796875,27011.330078125,60500000,2022-01-26 00:00:00,2022-01-26
52,1643068800000,27466.8203125,27493.75,26890.939453125,27131.33984375,77000000,2022-01-25 00:00:00,2022-01-25
51,1642982400000,27258.44921875,27627.599609375,27203.330078125,27588.369140625,61000000,2022-01-24 00:00:00,2022-01-24
50,1642723200000,27404.359375,27586.419921875,27129.609375,27522.259765625,72700000,2022-01-21 00:00:00,2022-01-21
49,1642636800000,27401.4296875,27882.529296875,27217.58984375,27772.9296875,74000000,2022-01-20 00:00:00,2022-01-20
48,1642550400000,27928.890625,27958.169921875,27314.41015625,27467.23046875,84300000,2022-01-19 00:00:00,2022-01-19
47,1642464000000,28451.33984375,28690.33984375,28129.66015625,28257.25,71300000,2022-01-18 00:00:00,2022-01-18
46,1642377600000,28332.720703125,28449.990234375,28274.1796875,28333.51953125,54500000,2022-01-17 00:00:00,2022-01-17
45,1642118400000,28246.990234375,28252.9609375,27889.2109375,28124.279296875,82100000,2022-01-14 00:00:00,2022-01-14
44,1642032000000,28658.220703125,28660.44921875,28444.9609375,28489.130859375,69900000,2022-01-13 00:00:00,2022-01-13
43,1641945600000,28449.529296875,28814.310546875,28427.599609375,28765.66015625,72500000,2022-01-12 00:00:00,2022-01-12
42,1641859200000,28380.900390625,28473.470703125,28089.490234375,28222.48046875,73700000,2022-01-11 00:00:00,2022-01-11
41,1641513600000,28711.529296875,28813.08984375,28293.69921875,28478.560546875,75200000,2022-01-07 00:00:00,2022-01-07
40,1641427200000,29136.75,29158.94921875,28487.869140625,28487.869140625,71600000,2022-01-06 00:00:00,2022-01-06
39,1641340800000,29288.80078125,29388.16015625,29204.44921875,29332.16015625,78600000,2022-01-05 00:00:00,2022-01-05
38,1641254400000,29098.41015625,29323.7890625,28954.560546875,29301.7890625,66000000,2022-01-04 00:00:00,2022-01-04
37,1640822400000,28794.240234375,28904.419921875,28579.490234375,28791.7109375,40400000,2021-12-30 00:00:00,2021-12-30
36,1640736000000,28995.73046875,29106.279296875,28729.609375,28906.880859375,44700000,2021-12-29 00:00:00,2021-12-29
35,1640649600000,28953.3203125,29121.009765625,28879.6796875,29069.16015625,47000000,2021-12-28 00:00:00,2021-12-28
34,1640563200000,28786.330078125,28805.279296875,28658.8203125,28676.4609375,37500000,2021-12-27 00:00:00,2021-12-27
33,1640304000000,28836.05078125,28870.130859375,28773.5,28782.58984375,35900000,2021-12-24 00:00:00,2021-12-24
32,1640217600000,28703.009765625,28798.369140625,28640.150390625,28798.369140625,43600000,2021-12-23 00:00:00,2021-12-23
31,1640131200000,28614.060546875,28673.76953125,28473.849609375,28562.2109375,44700000,2021-12-22 00:00:00,2021-12-22
30,1640044800000,28309.599609375,28533.740234375,28226.4296875,28517.58984375,55800000,2021-12-21 00:00:00,2021-12-21
29,1639958400000,28325.4609375,28441.509765625,27893.1796875,27937.810546875,65200000,2021-12-20 00:00:00,2021-12-20
28,1639699200000,28854.599609375,28904.939453125,28503.080078125,28545.6796875,84400000,2021-12-17 00:00:00,2021-12-17
27,1639612800000,28868.369140625,29070.080078125,28782.189453125,29066.3203125,60300000,2021-12-16 00:00:00,2021-12-16
26,1639526400000,28358.470703125,28525.830078125,28358.470703125,28459.720703125,55900000,2021-12-15 00:00:00,2021-12-15
25,1639440000000,28554.859375,28672.9609375,28309.669921875,28432.640625,55200000,2021-12-14 00:00:00,2021-12-14
24,1639353600000,28705.259765625,28793.3203125,28593.44921875,28640.490234375,53500000,2021-12-13 00:00:00,2021-12-13
23,1639094400000,28542.5,28699.009765625,28392.869140625,28437.76953125,63400000,2021-12-10 00:00:00,2021-12-10
22,1639008000000,28827.3203125,28908.2890625,28725.470703125,28725.470703125,54400000,2021-12-09 00:00:00,2021-12-09
21,1638921600000,28792.890625,28897.439453125,28621.470703125,28860.619140625,72000000,2021-12-08 00:00:00,2021-12-08
20,1638835200000,28138.8203125,28618.4609375,27961.66015625,28455.599609375,78300000,2021-12-07 00:00:00,2021-12-07
19,1638748800000,28069.9609375,28081.0390625,27693.91015625,27927.369140625,61700000,2021-12-06 00:00:00,2021-12-06
18,1638489600000,27841.05078125,28029.5703125,27588.609375,28029.5703125,71900000,2021-12-03 00:00:00,2021-12-03
17,1638403200000,27716.19921875,27938.55078125,27644.9609375,27753.369140625,77400000,2021-12-02 00:00:00,2021-12-02
16,1638316800000,27866.73046875,28106.30078125,27594.009765625,27935.619140625,80900000,2021-12-01 00:00:00,2021-12-01
15,1638230400000,28611.73046875,28718.69921875,27819.140625,27821.759765625,140700000,2021-11-30 00:00:00,2021-11-30
14,1638144000000,28337.9609375,28776.33984375,28187.119140625,28283.919921875,85900000,2021-11-29 00:00:00,2021-11-29
13,1637884800000,29324.470703125,29332.990234375,28605.609375,28751.619140625,72900000,2021-11-26 00:00:00,2021-11-26
12,1637798400000,29469.650390625,29570.419921875,29444.44921875,29499.279296875,50700000,2021-11-25 00:00:00,2021-11-25
11,1637712000000,29663.44921875,29758.05078125,29212.9296875,29302.66015625,69500000,2021-11-24 00:00:00,2021-11-24
10,1637539200000,29618.55078125,29806.490234375,29542.2890625,29774.109375,58800000,2021-11-22 00:00:00,2021-11-22
9,1637280000000,29641.05078125,29768.5390625,29589.189453125,29745.869140625,65600000,2021-11-19 00:00:00,2021-11-19
8,1637193600000,29597.9296875,29715.94921875,29402.5703125,29598.66015625,65400000,2021-11-18 00:00:00,2021-11-18
7,1637107200000,29906.6796875,29909.970703125,29623.7890625,29688.330078125,63900000,2021-11-17 00:00:00,2021-11-17
6,1637020800000,29749.7109375,29960.9296875,29681.25,29808.119140625,62000000,2021-11-16 00:00:00,2021-11-16
5,1636934400000,29807.369140625,29861.880859375,29718.2109375,29776.80078125,60400000,2021-11-15 00:00:00,2021-11-15
4,1636675200000,29381.44921875,29661.220703125,29381.44921875,29609.970703125,68400000,2021-11-12 00:00:00,2021-11-12
3,1636588800000,29046.189453125,29336.029296875,29040.080078125,29277.859375,60600000,2021-11-11 00:00:00,2021-11-11
2,1636502400000,29209.060546875,29296.880859375,29079.76953125,29106.779296875,63900000,2021-11-10 00:00:00,2021-11-10
1,1636416000000,29557.55078125,29750.4609375,29240.310546875,29285.4609375,65000000,2021-11-09 00:00:00,2021-11-09
0,1636329600000,29735.44921875,29735.44921875,29507.05078125,29507.05078125,68300000,2021-11-08 00:00:00,2021-11-08
